Gene_name,logFC,AveExpr,t,P.Value,adj.P.Val,B
KIF5B,1.401519626,10.77971139,8.701211769,3.81E-17,3.08E-14,28.27102497
NEK2,-1.035237185,8.349606652,-8.40249791,3.74E-16,1.51E-13,26.04198116
HIF1A,1.698776588,10.93204916,8.205972516,1.63E-15,4.15E-13,24.60819782
ABLIM1,1.074328055,10.72360578,8.163135624,2.24E-15,4.15E-13,24.29917706
AK1,0.81190691,10.35487104,8.144535208,2.56E-15,4.15E-13,24.16538903
CENPF,-1.027087334,8.153087627,-8.076484933,4.23E-15,5.70E-13,23.67795839
CATSPERB,-0.881400344,7.631864143,-8.04696327,5.25E-15,6.07E-13,23.46749928
RP1,-1.211968102,7.410263013,-8.017322391,6.52E-15,6.59E-13,23.25680056
SLC25A31,-1.423296255,7.593786639,-7.951962896,1.05E-14,9.42E-13,22.79436883
GABARAP,1.92343396,11.34356638,7.919633154,1.32E-14,9.74E-13,22.56673641
SNTN,-1.2387065,7.509763458,-7.919550407,1.32E-14,9.74E-13,22.56615474
PPEF2,-1.332426586,7.596058961,-7.86240151,2.00E-14,1.32E-12,22.16557543
FSCB,-1.338828424,7.649996362,-7.854358472,2.12E-14,1.32E-12,22.10938371
GUCA1C,-1.114104766,7.755991728,-7.829832034,2.52E-14,1.46E-12,21.93831547
BBS2,0.939901954,10.55322849,7.786943855,3.43E-14,1.79E-12,21.64020241
CDK1,-0.946231043,7.809773457,-7.779479899,3.62E-14,1.79E-12,21.58845451
PCDH15,-1.287206853,7.677739733,-7.773928532,3.76E-14,1.79E-12,21.5499924
PKD1L1,-1.252189347,7.664386904,-7.750203723,4.45E-14,2.00E-12,21.38586485
HUWE1,1.58620533,11.10219131,7.727925707,5.21E-14,2.22E-12,21.23211196
AGR3,-1.197016456,7.575808642,-7.720621367,5.49E-14,2.22E-12,21.1817779
PLK4,-0.936921702,7.949926556,-7.706564501,6.07E-14,2.29E-12,21.0850198
ENAH,0.572552473,9.97903662,7.702875995,6.23E-14,2.29E-12,21.05965402
PHC1,0.451760688,9.752548884,7.689458982,6.84E-14,2.36E-12,20.96746777
CSNK1A1,0.770478429,10.02152439,7.686427407,6.99E-14,2.36E-12,20.94665616
DNAH14,-1.287535548,7.722603546,-7.626389107,1.07E-13,3.35E-12,20.53585718
ACTR3,1.217585596,10.77818221,7.625129811,1.08E-13,3.35E-12,20.52726851
AKAP14,-1.199669308,7.69757449,-7.614388728,1.16E-13,3.40E-12,20.45405853
TSPEAR,-0.953291809,7.852802568,-7.609798519,1.20E-13,3.40E-12,20.4227976
DYNLT1,0.934733897,10.41686873,7.606976815,1.22E-13,3.40E-12,20.40358836
IQCH,-0.989216314,7.660049108,-7.602543026,1.26E-13,3.40E-12,20.37341618
RPGRIP1L,-0.573005539,8.369651713,-7.557946819,1.72E-13,4.49E-12,20.0707275
HSPA1L,0.99578289,10.36767791,7.53044406,2.08E-13,5.22E-12,19.88477625
CABYR,-0.480555122,8.968431828,-7.52740519,2.13E-13,5.22E-12,19.8642636
CYLD,0.526680368,9.925664275,7.518516589,2.26E-13,5.26E-12,19.80430328
GRK4,-0.615620166,8.768536952,-7.516616486,2.29E-13,5.26E-12,19.79149311
AURKA,-0.702940904,8.253257003,-7.508534052,2.43E-13,5.26E-12,19.73703207
CNGB3,-1.151305536,7.624459471,-7.508393689,2.43E-13,5.26E-12,19.73608669
KIF24,-1.094919431,7.60758302,-7.501209892,2.55E-13,5.26E-12,19.68772151
HYAL3,-0.756000552,8.738530661,-7.499806062,2.58E-13,5.26E-12,19.67827456
DNAH1,-0.718928053,8.32743483,-7.498537458,2.60E-13,5.26E-12,19.66973885
TMEM232,-0.841806569,8.176396644,-7.488273588,2.79E-13,5.47E-12,19.6007222
C20orf85,-0.867640098,7.350178684,-7.484840011,2.86E-13,5.47E-12,19.57765119
CCDC28B,-0.373899921,9.071185675,-7.4822202,2.91E-13,5.47E-12,19.56005384
DNAH6,-0.812198453,8.295227952,-7.459942935,3.39E-13,6.24E-12,19.41061929
TUBA1C,2.40146915,12.33921317,7.438162085,3.94E-13,6.95E-12,19.26486542
SLC26A3,-1.086330585,7.47845785,-7.435859514,4.00E-13,6.95E-12,19.24947729
RAB8A,0.773660718,10.39822017,7.432227704,4.11E-13,6.95E-12,19.22521373
HSP90AA1,2.451298123,12.60667493,7.428742376,4.21E-13,6.95E-12,19.20193787
GRK7,-0.897671707,7.394834077,-7.428677532,4.21E-13,6.95E-12,19.20150491
DYX1C1,-0.717204474,8.688317205,-7.421855285,4.41E-13,7.13E-12,19.1559704
ADCY10,-1.078739185,7.827780946,-7.418004895,4.53E-13,7.18E-12,19.13028637
GNGT1,-1.408915846,7.723780435,-7.40607303,4.91E-13,7.64E-12,19.05076392
TEX9,-1.213696044,7.895388613,-7.392699089,5.38E-13,8.22E-12,18.96175471
PKHD1L1,-1.152947997,7.440979926,-7.389369816,5.51E-13,8.25E-12,18.93961742
PPP2CB,1.740590726,11.00063729,7.383723993,5.73E-13,8.42E-12,18.90209537
MAP4,1.118347704,10.90165569,7.376551154,6.01E-13,8.69E-12,18.85445861
SKP1,1.922059701,11.79435249,7.360101854,6.73E-13,9.47E-12,18.74535738
DNAH11,-0.892959297,7.916343041,-7.358760401,6.79E-13,9.47E-12,18.73646888
DYDC1,-1.261005667,7.586580635,-7.349143819,7.25E-13,9.94E-12,18.67278803
PDC,-0.976958802,7.463836548,-7.33778934,7.83E-13,1.06E-11,18.59768668
C2orf71,-0.583105484,7.736727128,-7.332083439,8.14E-13,1.08E-11,18.55998236
CCDC65,-1.133234699,8.196651621,-7.310650226,9.42E-13,1.23E-11,18.4185676
EVC2,-0.7664469,7.822904587,-7.304558711,9.81E-13,1.26E-11,18.37843823
PKHD1,-0.805746401,7.658972332,-7.297047125,1.03E-12,1.31E-11,18.3289916
ADGB,-1.30053552,7.849842951,-7.288576334,1.09E-12,1.36E-11,18.27328095
C1orf101,-0.837141711,7.933566983,-7.285444924,1.12E-12,1.37E-11,18.25269976
CALCR,-0.852996543,7.852737412,-7.275832894,1.19E-12,1.44E-11,18.18957015
DNAJA1,1.625544813,11.44046748,7.273037483,1.21E-12,1.44E-11,18.17122338
KIF27,-1.121482661,7.820950477,-7.271428546,1.23E-12,1.44E-11,18.16066629
SHH,-0.538184402,8.302963394,-7.256601443,1.36E-12,1.57E-11,18.06346817
GSTM3,1.058576574,10.71736581,7.249913504,1.42E-12,1.62E-11,18.01967926
STK38L,0.545021529,9.883432039,7.225694348,1.67E-12,1.87E-11,17.86138404
ARF4,1.335855421,11.06333443,7.224240521,1.69E-12,1.87E-11,17.85189579
CST11,-0.755644914,7.892674352,-7.219514354,1.74E-12,1.90E-11,17.82106183
NPHP1,-0.912803852,8.346872822,-7.209102907,1.87E-12,2.02E-11,17.75319529
EEF1A1,2.34687539,12.57711766,7.200607888,1.98E-12,2.08E-11,17.69788079
CLTC,1.641134321,10.64593957,7.200426462,1.98E-12,2.08E-11,17.69670004
CABS1,-0.99356623,7.229832651,-7.196285754,2.04E-12,2.09E-11,17.6697583
TUBA1A,2.464236946,12.59922288,7.194859302,2.06E-12,2.09E-11,17.66047998
STIL,-0.592450663,8.782431164,-7.192113939,2.09E-12,2.09E-11,17.6426271
RP2,-0.985741635,7.91359797,-7.190786978,2.11E-12,2.09E-11,17.634
MYO15A,-0.807840762,8.465627622,-7.190009888,2.12E-12,2.09E-11,17.62894844
ICK,-0.830598309,8.439810688,-7.188160003,2.15E-12,2.10E-11,17.61692486
PIH1D2,-1.129564589,7.914079225,-7.179817216,2.27E-12,2.17E-11,17.56273158
TTC30B,-1.011533215,8.276405367,-7.179371909,2.28E-12,2.17E-11,17.55984041
GNAS,1.929455985,11.84606478,7.155327158,2.68E-12,2.52E-11,17.4039491
DCDC2,-0.885630294,7.976430533,-7.153683409,2.71E-12,2.52E-11,17.39330784
C21orf58,-0.483268381,8.148565725,-7.144956585,2.87E-12,2.64E-11,17.3368463
RSPH4A,-1.392679872,7.957637302,-7.134409163,3.08E-12,2.77E-11,17.26868188
DYNC1I2,0.953472027,10.71202082,7.134156608,3.08E-12,2.77E-11,17.26705073
KIF3B,1.026721924,10.48908719,7.126948699,3.23E-12,2.88E-11,17.22051782
EVC,-0.648143885,8.46723552,-7.122674416,3.33E-12,2.92E-11,17.19294226
MYO7A,-0.670363316,8.602162832,-7.121232898,3.36E-12,2.92E-11,17.18364539
ORC1,-0.782964067,7.44706674,-7.113791601,3.53E-12,3.04E-11,17.13567861
TTC26,-0.813214588,8.232885141,-7.109578145,3.63E-12,3.08E-11,17.10853702
YWHAG,2.354999871,12.26179695,7.10852424,3.66E-12,3.08E-11,17.10175022
TMEM67,-0.87147158,8.253648489,-7.100534587,3.85E-12,3.21E-11,17.05032667
PKD2,0.474782179,9.856655684,7.092691626,4.06E-12,3.35E-11,16.99989397
PFN2,2.163715876,11.97265735,7.078642931,4.46E-12,3.64E-11,16.90967217
KCNRG,-1.092963604,8.144211175,-7.073495336,4.61E-12,3.73E-11,16.87665114
CASC1,-0.977041707,8.43765884,-7.064932498,4.88E-12,3.90E-11,16.82176608
DYNLRB1,1.282276436,10.99432397,7.063778048,4.91E-12,3.90E-11,16.81437065
TUBB,1.443736836,11.01715744,7.046933152,5.49E-12,4.31E-11,16.70657633
KATNAL2,-0.724453778,8.662929475,-7.040409403,5.73E-12,4.43E-11,16.66488692
C10orf107,-1.15387092,8.048807162,-7.03982162,5.76E-12,4.43E-11,16.66113233
CATSPERD,-0.894860667,7.343579506,-7.036601821,5.88E-12,4.49E-11,16.64056978
IFT122,-0.542999423,8.9666464,-7.034148842,5.97E-12,4.52E-11,16.62490963
CCT2,1.284675339,10.93235551,7.018421769,6.63E-12,4.92E-11,16.52461391
OPN5,-0.579275756,7.738496934,-7.018335256,6.63E-12,4.92E-11,16.52406271
ATG3,0.646056375,10.27405168,7.012848062,6.87E-12,5.05E-11,16.48911382
TEKT3,-0.831916049,7.53225967,-7.007790176,7.10E-12,5.17E-11,16.45691945
DPYSL2,2.286898972,12.58087303,7.006545829,7.16E-12,5.17E-11,16.44900193
USH2A,-0.951130669,7.16697218,-7.00519829,7.23E-12,5.17E-11,16.44042913
TUBB4B,1.692301739,11.41275756,6.997481162,7.60E-12,5.39E-11,16.3913607
ZNF423,0.869244497,10.31117659,6.984555534,8.27E-12,5.82E-11,16.30927577
SASS6,-0.79476551,8.535045359,-6.980627133,8.49E-12,5.88E-11,16.28435336
PRKAR1A,1.557061682,11.52550141,6.979551603,8.55E-12,5.88E-11,16.27753206
TPPP2,-0.645187753,7.729691913,-6.978970553,8.58E-12,5.88E-11,16.27384725
TTK,-0.91551913,7.322446676,-6.963037816,9.52E-12,6.47E-11,16.17290753
CNGA4,-1.087185885,8.13768051,-6.95954757,9.74E-12,6.57E-11,16.1508213
GNAT2,-0.982381972,7.864890853,-6.95824925,9.82E-12,6.57E-11,16.14260791
MAP1B,2.054796032,11.5013405,6.952215981,1.02E-11,6.78E-11,16.10445725
MROH2B,-0.548545606,7.6641918,-6.946426496,1.06E-11,6.97E-11,16.06787416
NME8,-0.898998605,7.358139513,-6.945339379,1.07E-11,6.97E-11,16.06100763
ONECUT1,-0.599522654,7.973807889,-6.941950737,1.09E-11,7.07E-11,16.03960983
C7orf57,-1.419779092,7.825589945,-6.936747973,1.13E-11,7.26E-11,16.00677365
C5orf49,-0.744069194,8.554559063,-6.933415049,1.15E-11,7.32E-11,15.98574941
CATSPERG,-0.529829941,7.678163898,-6.932997435,1.16E-11,7.32E-11,15.98311568
RUVBL2,0.800711196,10.02723646,6.931070274,1.17E-11,7.35E-11,15.97096353
DSTN,1.648738925,11.51800389,6.927323377,1.20E-11,7.48E-11,15.94734473
RIBC1,-0.591819714,8.376322447,-6.924791673,1.22E-11,7.54E-11,15.93139203
FAM179B,1.086240042,10.64371776,6.922901261,1.24E-11,7.58E-11,15.9194834
IFT88,0.613384069,9.901075917,6.904311222,1.39E-11,8.49E-11,15.80252087
TSGA10,-0.886824998,8.443774666,-6.900832792,1.43E-11,8.61E-11,15.780665
SF3B2,0.671763381,10.34549732,6.889503955,1.54E-11,9.20E-11,15.70954705
TXNDC8,-0.732165553,8.154179093,-6.88285875,1.60E-11,9.53E-11,15.66787671
HK1,1.42452324,11.1126973,6.879647346,1.64E-11,9.60E-11,15.64775094
YWHAE,1.470856815,11.25394204,6.879608969,1.64E-11,9.60E-11,15.64751048
APP,1.760198362,11.65235703,6.878001628,1.65E-11,9.63E-11,15.63744033
TTLL7,0.766097469,10.31633348,6.872525183,1.71E-11,9.90E-11,15.6031447
ATP2A2,1.455361459,11.34914998,6.86953702,1.75E-11,1.00E-10,15.58444134
TULP4,0.727245418,10.33407302,6.842164565,2.08E-11,1.19E-10,15.41343122
WDR63,-1.100518288,8.006099897,-6.834664883,2.19E-11,1.23E-10,15.36667699
C6orf118,-0.852604784,7.788357521,-6.83462353,2.19E-11,1.23E-10,15.36641931
GNAT1,-0.669385893,7.95869873,-6.833591084,2.20E-11,1.23E-10,15.35998628
PSMC5,1.280278542,11.15967942,6.827679884,2.29E-11,1.26E-10,15.32317019
IGBP1,0.687019908,10.23711245,6.827009591,2.30E-11,1.26E-10,15.31899717
TTC30A,-0.665909067,8.727393987,-6.810430675,2.55E-11,1.40E-10,15.21589218
PFKM,1.453899236,11.07397084,6.807776774,2.60E-11,1.41E-10,15.19940707
DEFB1,-0.837053663,8.375814866,-6.806106001,2.63E-11,1.42E-10,15.18903158
MAATS1,-0.806449911,8.622598001,-6.802226595,2.69E-11,1.44E-10,15.16494878
CENPJ,-0.609742989,8.719528529,-6.801843535,2.70E-11,1.44E-10,15.16257143
IQUB,-1.116795327,7.989746046,-6.800615789,2.72E-11,1.44E-10,15.15495253
ATXN10,1.48251046,10.87891032,6.799839989,2.73E-11,1.44E-10,15.15013883
WDR47,1.562477703,10.88645108,6.783760275,3.03E-11,1.58E-10,15.05047125
TUBA1B,2.387308272,12.47108711,6.775923343,3.19E-11,1.65E-10,15.00196743
RAN,1.396871595,10.97379679,6.774125868,3.22E-11,1.66E-10,14.99084928
TRIP11,-0.410862417,8.89180242,-6.773075605,3.24E-11,1.66E-10,14.98435411
CEP89,-0.647693949,8.502988655,-6.767257407,3.37E-11,1.71E-10,14.94838789
RAB10,1.337149804,11.32347745,6.766692069,3.38E-11,1.71E-10,14.94489454
SCCPDH,0.586313322,10.10811163,6.765432988,3.41E-11,1.71E-10,14.93711529
TP53BP1,0.550871943,9.837902734,6.758596214,3.56E-11,1.78E-10,14.89489553
IFT74,-0.821444085,8.707318477,-6.753872857,3.67E-11,1.82E-10,14.86574802
MAGI2,0.816449907,10.05713387,6.743422146,3.92E-11,1.92E-10,14.8013186
DNAH5,-0.638430139,8.799998275,-6.743344921,3.92E-11,1.92E-10,14.80084282
TROVE2,0.786969458,10.53679835,6.73982149,4.01E-11,1.95E-10,14.77913982
HSP90AB1,1.718097062,11.71076452,6.736107975,4.11E-11,1.99E-10,14.75627637
GUCY2F,-0.712230034,7.494897972,-6.725637827,4.39E-11,2.11E-10,14.69187092
VWA3B,-0.865708148,8.167142668,-6.698220697,5.22E-11,2.50E-10,14.52362068
DDAH1,1.262827866,11.16466146,6.694210034,5.35E-11,2.55E-10,14.49905732
MAP1LC3B,1.259589912,11.07014705,6.692635179,5.41E-11,2.55E-10,14.48941551
YWHAQ,2.040826237,12.25940607,6.692395061,5.42E-11,2.55E-10,14.4879456
CDC14A,-0.91667161,8.162470907,-6.691227137,5.46E-11,2.55E-10,14.48079662
ZNF474,-0.877628453,8.002114448,-6.683865963,5.72E-11,2.66E-10,14.43576251
PKM,1.010360512,10.76649719,6.677548999,5.95E-11,2.75E-10,14.39715016
POC1A,-0.467752096,8.49744954,-6.670468487,6.22E-11,2.86E-10,14.35390745
CATSPER3,-0.646979659,7.807183496,-6.663507146,6.50E-11,2.97E-10,14.31143051
CALML4,-0.864929182,8.389669752,-6.662214419,6.55E-11,2.98E-10,14.30354665
CCT8,1.051677595,10.63758591,6.658614099,6.70E-11,3.03E-10,14.28159649
MAP6,0.557762235,10.10538021,6.657685763,6.74E-11,3.03E-10,14.27593831
TACR1,-0.53209792,8.34147345,-6.656927841,6.77E-11,3.03E-10,14.2713193
C2orf73,-0.962048491,8.199887862,-6.648515966,7.14E-11,3.17E-10,14.2200847
CSNK2B,1.190021105,10.95181906,6.638108863,7.63E-11,3.37E-10,14.15677384
CCDC88A,0.471054206,10.07102132,6.633635746,7.84E-11,3.45E-10,14.12958786
PCM1,0.671850354,10.39235832,6.616022474,8.76E-11,3.82E-10,14.02269228
TUBB2A,2.366500505,12.32023893,6.615277005,8.80E-11,3.82E-10,14.01817333
PRKACB,1.750955421,11.17136472,6.614243252,8.86E-11,3.82E-10,14.01190756
GNA11,0.710032914,10.40587032,6.613801125,8.88E-11,3.82E-10,14.009228
MAK,-0.798415803,7.901416452,-6.603458177,9.47E-11,4.06E-10,13.94658689
CEP152,-0.837318141,8.228727288,-6.599891507,9.69E-11,4.12E-10,13.92500503
DYNLL1,1.943403308,12.06064057,6.599440183,9.72E-11,4.12E-10,13.92227479
CETN1,-0.527169634,8.109459366,-6.597913828,9.81E-11,4.13E-10,13.91304241
CKAP5,0.814336662,10.51620575,6.596533535,9.89E-11,4.15E-10,13.90469508
GPI,1.511676207,11.21063318,6.588604984,1.04E-10,4.34E-10,13.85677592
ATP6V0D1,1.51914407,11.25928092,6.58049294,1.09E-10,4.54E-10,13.80779857
ANKMY2,1.123222126,10.5619844,6.576671705,1.12E-10,4.62E-10,13.78474527
SPTBN5,-0.675586512,8.389222083,-6.575526037,1.13E-10,4.63E-10,13.77783575
INVS,-0.787153147,8.460186626,-6.567247292,1.19E-10,4.85E-10,13.72793711
C4orf22,-0.980008076,7.666575154,-6.566002262,1.20E-10,4.87E-10,13.72043755
AKAP4,-0.728591801,8.461438658,-6.56448437,1.21E-10,4.89E-10,13.71129603
SPEF2,-0.748999478,8.500825956,-6.544528335,1.37E-10,5.51E-10,13.59127827
CBY1,0.295104174,9.380946111,6.539962993,1.41E-10,5.64E-10,13.56386566
CSNK1D,0.497250311,9.842673154,6.522637331,1.57E-10,6.24E-10,13.45998233
VPS35,1.26161314,11.08658931,6.519469766,1.60E-10,6.34E-10,13.44101532
GSTA1,-0.640926371,8.544715078,-6.516710969,1.63E-10,6.41E-10,13.42450239
GRK1,-0.538426386,7.849120442,-6.509438087,1.70E-10,6.68E-10,13.38099878
RABGAP1L,0.586906202,9.773999846,6.506255249,1.73E-10,6.75E-10,13.36197332
TSSK1B,-0.681872075,7.564010432,-6.506172004,1.73E-10,6.75E-10,13.36147583
BBS5,-0.827424648,8.362936936,-6.499814657,1.80E-10,6.98E-10,13.32349896
EPS15,1.345345905,11.17843431,6.497437535,1.83E-10,7.05E-10,13.30930691
ATMIN,0.654628881,10.14480336,6.490069871,1.92E-10,7.35E-10,13.26534822
PRKAR2B,1.5267337,10.48834608,6.488943938,1.93E-10,7.36E-10,13.25863417
TTLL3,-0.529415597,8.770286435,-6.487980507,1.94E-10,7.37E-10,13.25288993
MARK4,0.962505433,10.35315325,6.484392601,1.98E-10,7.50E-10,13.23150428
GSN,0.484097379,9.702297928,6.480560432,2.03E-10,7.64E-10,13.20867389
ROPN1L,-0.95818642,8.177508397,-6.479018895,2.05E-10,7.68E-10,13.19949335
PDE6A,-0.665481097,8.023652816,-6.477872675,2.07E-10,7.70E-10,13.19266831
LRGUK,-0.669213078,7.824719182,-6.464055006,2.25E-10,8.34E-10,13.11047392
DNAI2,-0.8014723,8.243292619,-6.459929753,2.31E-10,8.52E-10,13.08596402
COPS8,0.905038167,10.35723973,6.454549153,2.38E-10,8.76E-10,13.05401572
OPN1SW,-0.649116644,7.44515705,-6.437389867,2.65E-10,9.67E-10,12.95228186
CEP135,-0.702133084,8.636747236,-6.437041894,2.65E-10,9.67E-10,12.9502212
UBE2B,0.862023892,10.19657879,6.435735374,2.67E-10,9.70E-10,12.942485
IPO5,0.600706035,10.04430689,6.433402027,2.71E-10,9.80E-10,12.92867206
TUBB3,1.677554143,11.43732817,6.432608903,2.73E-10,9.80E-10,12.92397791
DZIP1L,-0.660187338,8.637559261,-6.429566792,2.78E-10,9.94E-10,12.9059776
TRPV4,-0.674497636,8.735025579,-6.411379362,3.10E-10,1.11E-09,12.7985143
TAS2R4,-0.636266773,7.769619665,-6.408885124,3.15E-10,1.12E-09,12.78379709
PSMC2,0.914943644,10.66812817,6.407164809,3.19E-10,1.13E-09,12.77364927
ABCA4,-0.574087136,8.015913797,-6.354921256,4.38E-10,1.54E-09,12.46659082
CC2D2A,-0.447610155,8.70905424,-6.349091885,4.53E-10,1.59E-09,12.43246329
MKS1,-0.691946076,8.717275685,-6.336094577,4.90E-10,1.70E-09,12.35646892
PKIG,0.95784097,10.22461356,6.335969474,4.91E-10,1.70E-09,12.35573811
SPAG16,0.291565193,9.255244586,6.330331572,5.08E-10,1.76E-09,12.32281601
TTC29,-0.832188677,7.625119039,-6.327980829,5.15E-10,1.77E-09,12.30909649
EFHC2,-0.670296702,8.588223243,-6.324807029,5.25E-10,1.80E-09,12.29058038
TACR3,-0.711244788,7.603272647,-6.317874841,5.48E-10,1.86E-09,12.25016552
C11orf49,0.681785192,9.860883025,6.317837918,5.48E-10,1.86E-09,12.24995036
PCDHB15,-0.903976975,8.481029641,-6.313896372,5.61E-10,1.90E-09,12.2269882
HYDIN,-0.939814193,8.117166806,-6.313385001,5.63E-10,1.90E-09,12.22401002
ARMC4,-0.532600819,8.084229549,-6.310997841,5.71E-10,1.92E-09,12.2101102
OXCT2,-0.509623451,8.683786721,-6.297304519,6.20E-10,2.07E-09,12.13046518
KIF5C,1.621263158,11.90660282,6.297110928,6.20E-10,2.07E-09,12.12934027
WDR66,-0.624689111,8.286766391,-6.293431361,6.34E-10,2.10E-09,12.10796469
EXOC5,0.465287718,9.633469827,6.289284314,6.50E-10,2.15E-09,12.08388635
CYFIP2,1.498752636,11.4477583,6.286322583,6.62E-10,2.18E-09,12.06669852
C21orf59,0.401617763,9.647837391,6.276780372,7.01E-10,2.30E-09,12.01136974
HMGB2,0.555489969,9.738556797,6.256701803,7.91E-10,2.58E-09,11.89518525
ARHGAP35,0.87941467,10.26411189,6.255285456,7.97E-10,2.59E-09,11.88700173
DNHD1,-0.513817348,8.631916778,-6.247184763,8.37E-10,2.71E-09,11.84022753
CNGA3,-0.87916289,7.655515368,-6.239920374,8.74E-10,2.82E-09,11.79832686
CCDC170,-0.848215038,8.267708991,-6.230812481,9.23E-10,2.96E-09,11.74585262
TNPO1,0.700919457,10.28539363,6.217530468,9.99E-10,3.19E-09,11.66944868
CETN2,1.164724929,11.13072714,6.216392938,1.01E-09,3.20E-09,11.66291169
C5orf42,-0.527020191,8.746520503,-6.205418939,1.07E-09,3.40E-09,11.59990113
SNAP25,1.969976135,12.12512867,6.205154074,1.08E-09,3.40E-09,11.59838152
PIH1D3,-0.713894096,7.833221647,-6.201076027,1.10E-09,3.47E-09,11.57499166
MAPRE1,0.807892701,10.62807649,6.195894151,1.14E-09,3.55E-09,11.54528997
DCTN1,1.042476757,10.84772371,6.195791347,1.14E-09,3.55E-09,11.54470094
PRKAR2A,0.651347017,9.947444432,6.193672353,1.15E-09,3.58E-09,11.53256158
TACR2,-0.483153825,8.331294071,-6.183365341,1.22E-09,3.79E-09,11.47356591
PRKACG,-0.664583064,8.540260877,-6.178605199,1.26E-09,3.88E-09,11.44634843
PPP1R7,0.946069746,10.53615871,6.177868208,1.26E-09,3.88E-09,11.4421361
C16orf71,-0.597533609,8.682371017,-6.177510636,1.27E-09,3.88E-09,11.44009252
CETN3,0.619892446,10.1961143,6.175903021,1.28E-09,3.90E-09,11.43090605
RNF38,0.606031512,10.22222155,6.146859063,1.52E-09,4.62E-09,11.26529673
ODF1,-0.648660606,8.26525917,-6.143585118,1.55E-09,4.69E-09,11.2466712
PTPRK,0.751953223,10.39484657,6.133908071,1.64E-09,4.95E-09,11.19166879
FAM229B,0.709379828,10.2609668,6.129759731,1.68E-09,5.05E-09,11.16811357
PAFAH1B1,1.082866905,10.93086032,6.125476185,1.72E-09,5.16E-09,11.14380517
C5orf30,0.770694337,10.25534624,6.120584994,1.77E-09,5.29E-09,11.11606659
GALNT11,1.014221156,10.80382626,6.112195689,1.86E-09,5.53E-09,11.06853468
CROCC,-0.505434937,8.655656617,-6.111747352,1.87E-09,5.53E-09,11.06599611
KIF5A,1.235437615,10.64391352,6.110527595,1.88E-09,5.55E-09,11.05909041
GPR157,-0.499807195,8.163502976,-6.107975051,1.91E-09,5.61E-09,11.04464299
ABCC4,-0.908235865,8.408917557,-6.101093654,1.99E-09,5.82E-09,11.00572041
DNAH12,-0.765135165,7.952164431,-6.100212367,2.00E-09,5.83E-09,11.00073844
CTNNB1,1.243423996,10.73544206,6.098971046,2.01E-09,5.85E-09,10.99372223
MYB,-0.652093973,8.080991172,-6.065473058,2.45E-09,7.10E-09,10.80485498
ADAMTS16,-0.541532493,8.34393742,-6.048621157,2.70E-09,7.78E-09,10.71018453
C11orf63,-0.708229216,8.739150635,-6.048330142,2.70E-09,7.78E-09,10.70855169
RRH,-0.487208373,7.675627049,-6.041588752,2.81E-09,8.07E-09,10.67074601
IFT80,0.765270714,10.04112352,6.029280371,3.02E-09,8.63E-09,10.60181577
GALR3,0.619338389,7.941264312,6.025638359,3.09E-09,8.79E-09,10.58144309
DISC1,-0.417373672,7.848963933,-6.02149938,3.16E-09,8.97E-09,10.55830355
RGS22,-0.70094682,8.452324541,-6.015071943,3.28E-09,9.28E-09,10.52239764
SPAG4,-0.673632611,8.508980981,-6.014275564,3.30E-09,9.29E-09,10.51795113
DDX6,0.85968361,10.31074867,6.012320653,3.33E-09,9.36E-09,10.50703824
RSPH1,0.588777654,10.06368663,6.009341454,3.39E-09,9.49E-09,10.49041343
DLD,0.762970406,10.23826584,6.002121672,3.54E-09,9.86E-09,10.45015486
SYNE1,0.677122414,9.94085315,5.978666634,4.05E-09,1.13E-08,10.31965868
TOPORS,0.464636684,9.750210756,5.971575427,4.22E-09,1.17E-08,10.28029368
LRRC46,-0.721593386,8.755594504,-5.970811505,4.23E-09,1.17E-08,10.2760554
MYH10,1.239470162,11.20514145,5.970782763,4.24E-09,1.17E-08,10.27589595
MAP1A,1.397402528,11.40415759,5.961640184,4.46E-09,1.22E-08,10.22520965
GNB1,1.4449249,11.70156997,5.956633224,4.59E-09,1.26E-08,10.19748003
SLIRP,1.250919724,11.16922011,5.953252292,4.68E-09,1.28E-08,10.17876726
WDR78,-0.826726413,8.216393745,-5.947262097,4.85E-09,1.32E-08,10.14563565
CNGA1,-0.678935277,7.930958619,-5.943040766,4.97E-09,1.34E-08,10.12230517
NBEA,1.094290638,10.53082058,5.938938621,5.09E-09,1.37E-08,10.09964733
NME7,1.188587224,10.72415635,5.898315326,6.41E-09,1.72E-08,9.876010406
CCDC172,-0.850050352,8.15682851,-5.889750097,6.74E-09,1.80E-08,9.829029932
SPTAN1,1.012272374,10.84096175,5.886638143,6.86E-09,1.83E-08,9.811975673
SPATA17,-0.736315206,7.652874787,-5.880938842,7.08E-09,1.88E-08,9.780762693
MYOC,-0.473837911,8.10432694,-5.878284042,7.19E-09,1.91E-08,9.766232418
MYO5A,0.873850856,10.250874,5.877833907,7.21E-09,1.91E-08,9.763769307
TEKT2,-0.571572794,8.406886822,-5.861171657,7.92E-09,2.09E-08,9.672711405
PROM2,-0.319220354,8.772769527,-5.855073289,8.20E-09,2.15E-08,9.639441227
DVL1,0.831693672,10.04629539,5.855025768,8.20E-09,2.15E-08,9.639182089
LRRC34,-0.666503967,8.671672915,-5.849449276,8.47E-09,2.21E-08,9.608785988
AGBL4,-0.590789803,8.402808498,-5.848413223,8.52E-09,2.22E-08,9.603141527
RIBC2,-0.71846999,8.051248714,-5.843857532,8.74E-09,2.26E-08,9.578332384
MYO5B,-0.647113125,8.648285733,-5.843719819,8.75E-09,2.26E-08,9.577582703
MLF1,0.484949459,9.469294074,5.840340978,8.91E-09,2.30E-08,9.559193779
CCSAP,0.795814051,10.05957659,5.839552747,8.95E-09,2.30E-08,9.554905282
HAUS8,-0.496307742,8.419628746,-5.832383681,9.32E-09,2.39E-08,9.515924244
IFT140,-0.410083856,8.681031799,-5.827847802,9.57E-09,2.44E-08,9.491282704
ATP6V1D,1.077825258,11.05149239,5.810697677,1.05E-08,2.68E-08,9.398266153
CNGB1,-0.75078421,9.093014418,-5.808279158,1.07E-08,2.71E-08,9.385168387
APOO,0.899777617,10.43679808,5.7978314,1.13E-08,2.86E-08,9.328642692
DNAJA4,0.794099676,10.54930934,5.795926233,1.14E-08,2.89E-08,9.318344827
EFCAB12,-0.571539449,8.220014569,-5.792442606,1.17E-08,2.93E-08,9.29952275
TCP11,-0.519446199,7.601049815,-5.786153207,1.21E-08,3.03E-08,9.265566383
KIF3C,1.050827815,10.71340469,5.775263535,1.29E-08,3.21E-08,9.206850337
SF3A1,0.611431753,9.813222638,5.770063291,1.32E-08,3.29E-08,9.178845635
SEC63,0.509256317,9.854897241,5.768079602,1.34E-08,3.32E-08,9.16816882
DNAJB13,-0.401105791,8.855899271,-5.760899292,1.39E-08,3.45E-08,9.129549375
ODF2,-0.317784883,9.034625319,-5.738468061,1.58E-08,3.89E-08,9.009176844
TTLL5,-0.468947402,8.894830438,-5.737498683,1.59E-08,3.90E-08,9.003984251
DRD5,-0.612782063,8.871206306,-5.729729954,1.66E-08,4.06E-08,8.962398175
APOBEC4,-0.59936552,7.778691692,-5.71385702,1.81E-08,4.42E-08,8.877585478
DCTN3,1.20298451,10.7646444,5.710078346,1.85E-08,4.50E-08,8.857425903
GLI2,-0.500877904,8.545046045,-5.707910512,1.87E-08,4.55E-08,8.845865646
MAL,1.212027506,11.21684102,5.701072764,1.94E-08,4.71E-08,8.809427973
TEX26,-0.752941709,8.060518903,-5.695963314,2.00E-08,4.83E-08,8.782225519
HIPK1,0.554514589,9.620970589,5.691476037,2.05E-08,4.93E-08,8.758353334
STOML3,-0.760838887,8.113553766,-5.652892544,2.54E-08,6.09E-08,8.553779797
VDAC3,1.28562581,11.39891928,5.647118375,2.62E-08,6.26E-08,8.523270954
SSX2IP,0.876958643,10.31740188,5.633221124,2.82E-08,6.74E-08,8.449956056
PHLPP2,0.567669557,9.439971434,5.617069597,3.09E-08,7.34E-08,8.364950696
ATG14,0.421895149,9.992385476,5.581977738,3.74E-08,8.87E-08,8.181011829
KIFAP3,1.209329065,11.05694039,5.566263396,4.07E-08,9.63E-08,8.098976048
C11orf88,-0.875420204,8.103593116,-5.556393065,4.29E-08,1.01E-07,8.047554076
RILPL2,0.457610217,9.818498443,5.548118423,4.49E-08,1.06E-07,8.004508016
SPATA6,-0.596060267,8.742926609,-5.532332913,4.89E-08,1.15E-07,7.922548064
TTC21A,-0.400103091,8.569218939,-5.527393236,5.02E-08,1.17E-07,7.896943619
TUBB2B,1.283840352,11.39576924,5.524801509,5.09E-08,1.19E-07,7.883517768
ARL3,0.42856172,10.03716906,5.519565514,5.24E-08,1.22E-07,7.856411068
KIF3A,1.061574056,10.40563665,5.512566839,5.44E-08,1.26E-07,7.820214859
ATP2B4,0.618100275,10.30099433,5.486414072,6.26E-08,1.45E-07,7.685319825
RGS9BP,-0.550666279,7.79865977,-5.482708449,6.39E-08,1.47E-07,7.666252784
EFTUD2,0.49811522,9.883650745,5.479748852,6.49E-08,1.49E-07,7.651032658
PLEKHB1,1.076634681,11.21432156,5.470649009,6.82E-08,1.56E-07,7.604281578
AGBL2,-0.711178015,7.768780893,-5.438078017,8.11E-08,1.85E-07,7.437516454
NUDCD3,0.620944656,10.40516732,5.428535163,8.53E-08,1.94E-07,7.388825696
DZIP1,0.48980155,9.738453867,5.413564487,9.24E-08,2.10E-07,7.312595031
GMNC,-0.476981825,7.383713575,-5.405592537,9.64E-08,2.18E-07,7.272078975
LDHC,-0.417593714,8.126520543,-5.386387979,1.07E-07,2.41E-07,7.174695362
FAM216B,-0.9236836,7.837972496,-5.378215961,1.11E-07,2.51E-07,7.133350668
PLK1,-0.360974373,8.164522115,-5.37732811,1.12E-07,2.51E-07,7.128862162
TUBA4A,1.264837727,10.98281009,5.376262891,1.13E-07,2.52E-07,7.123477854
ASAP1,0.589435745,10.34892338,5.369384566,1.17E-07,2.61E-07,7.088733436
DNAH10,-0.606817794,8.376996232,-5.331200081,1.43E-07,3.18E-07,6.896580369
BEST2,-0.567079379,7.830077688,-5.327574168,1.45E-07,3.23E-07,6.878398133
KIF19,-0.661918913,8.540358683,-5.324534913,1.48E-07,3.27E-07,6.86316629
NPY2R,-0.644317339,8.297711522,-5.302345005,1.66E-07,3.66E-07,6.752194462
RAB11A,0.898773348,10.80421322,5.300803239,1.67E-07,3.68E-07,6.744499606
EXOC6B,0.506771014,9.638041188,5.29923987,1.69E-07,3.70E-07,6.736698988
NTPCR,0.453172639,10.14568298,5.285901283,1.81E-07,3.96E-07,6.670228913
HSPA4L,0.593108645,9.758120981,5.268773719,1.97E-07,4.32E-07,6.585098939
CYB5D1,0.305129241,9.855577184,5.266187341,2.00E-07,4.36E-07,6.572265411
CLASP1,0.637625126,10.49526336,5.264806942,2.02E-07,4.38E-07,6.565418239
KATNAL1,0.377903592,9.93361763,5.263359476,2.03E-07,4.40E-07,6.558240142
MCHR1,-0.642486179,8.879812952,-5.256105658,2.11E-07,4.56E-07,6.522294732
PPID,0.646783333,9.938848755,5.243620111,2.25E-07,4.85E-07,6.46052901
RAB17,-0.525705105,8.606428033,-5.231281006,2.40E-07,5.16E-07,6.399618174
PACRG,-0.299844802,9.057928305,-5.228246422,2.43E-07,5.22E-07,6.384658109
RABL2A,0.421855244,9.745187728,5.225931136,2.46E-07,5.27E-07,6.373249363
CLDN2,-0.577699761,7.909001747,-5.221329242,2.52E-07,5.38E-07,6.350586746
KIAA0586,-0.238395795,9.126614565,-5.213220145,2.63E-07,5.60E-07,6.31069641
TPGS1,-0.456881796,8.887785892,-5.20455983,2.75E-07,5.84E-07,6.268156471
CCR6,-1.431470223,8.633571789,-5.20396949,2.76E-07,5.84E-07,6.265259018
NGFR,-0.697639444,8.677162488,-5.197560657,2.85E-07,6.01E-07,6.233822923
UMOD,-0.432515697,7.763327198,-5.197402002,2.85E-07,6.01E-07,6.23304515
RAB15,0.841655107,10.3857406,5.170229954,3.28E-07,6.89E-07,6.100156403
SHROOM3,-0.364477391,8.689903646,-5.165730505,3.35E-07,7.03E-07,6.078212121
MKKS,0.731334089,10.25244925,5.163434743,3.39E-07,7.09E-07,6.06702212
EHD3,0.507139621,9.981287878,5.160473229,3.44E-07,7.18E-07,6.052593775
ATG16L1,-0.335584265,9.186682631,-5.153184019,3.57E-07,7.43E-07,6.017113084
SYNE2,-0.434337852,8.613271577,-5.151525826,3.61E-07,7.48E-07,6.009048072
KIF2A,0.528097487,10.12310129,5.149094441,3.65E-07,7.55E-07,5.99722672
RILPL1,0.461699525,10.20458047,5.143346886,3.76E-07,7.76E-07,5.969302329
FAM49B,0.575746232,10.03238231,5.136942878,3.88E-07,7.99E-07,5.938221899
TUB,0.414273421,9.864040447,5.10997121,4.45E-07,9.14E-07,5.807706692
ZSCAN18,0.765066849,10.42042824,5.082616087,5.11E-07,1.05E-06,5.67597358
TMEM218,-0.34339229,8.983720414,-5.049366814,6.04E-07,1.23E-06,5.516722178
ROPN1B,-0.399229627,7.631595782,-5.037468744,6.41E-07,1.31E-06,5.459966087
CCDC81,-0.758920195,8.121671123,-5.025617979,6.80E-07,1.38E-06,5.403556893
ATP6V1C1,0.751809159,10.33863328,5.023875285,6.85E-07,1.39E-06,5.395271945
RFX2,-0.465685473,8.959108777,-5.020997135,6.95E-07,1.41E-06,5.381594651
PSEN2,-0.192821736,9.328883534,-5.016992404,7.09E-07,1.43E-06,5.362575605
ACTR2,0.851613229,10.74628522,5.015472432,7.15E-07,1.44E-06,5.35536066
GLI1,-0.453360847,8.881701177,-5.012631312,7.25E-07,1.46E-06,5.341879883
AKAP9,0.445700838,9.526117279,4.987921274,8.19E-07,1.64E-06,5.224927477
MAP9,0.661717156,10.06434178,4.984654562,8.33E-07,1.66E-06,5.209505618
PHTF1,-0.285215841,9.184745029,-4.983943383,8.36E-07,1.67E-06,5.206149426
RANBP1,0.386519974,9.913517087,4.977420229,8.63E-07,1.72E-06,5.175385785
KIAA0753,0.506234702,9.813658506,4.967374581,9.07E-07,1.80E-06,5.128081767
EXOC3,0.305894602,9.806773273,4.964352001,9.21E-07,1.82E-06,5.113865798
NUDC,0.854587883,10.64799517,4.956671873,9.56E-07,1.89E-06,5.077779738
RRAD,-0.560435077,8.37806628,-4.955448587,9.62E-07,1.89E-06,5.072036686
TTLL9,-0.394205783,8.754388538,-4.944753921,1.01E-06,1.99E-06,5.021882788
INHA,-0.611671854,8.396903524,-4.943221373,1.02E-06,2.00E-06,5.014703837
NAPEPLD,0.371966295,9.838677142,4.933905363,1.07E-06,2.09E-06,4.971108385
ALDH1A1,0.584292248,10.10457734,4.930371891,1.09E-06,2.12E-06,4.954592718
TCTEX1D2,0.509382174,10.01551417,4.892550021,1.31E-06,2.55E-06,4.77848912
FNBP1L,0.493444042,9.902907116,4.876363899,1.42E-06,2.75E-06,4.703503802
DYDC2,-0.599436677,8.532157495,-4.875138248,1.42E-06,2.76E-06,4.697835006
CNTRL,-0.378634689,8.939399698,-4.874723692,1.43E-06,2.76E-06,4.69591793
EFCAB1,-0.722286235,8.764899943,-4.860645647,1.53E-06,2.94E-06,4.630903889
CEP250,-0.249687983,9.05411297,-4.849757999,1.61E-06,3.10E-06,4.580741679
AKT1,0.465604049,10.2222749,4.848931873,1.62E-06,3.10E-06,4.576939709
SNX10,1.099682416,10.54716201,4.84870409,1.62E-06,3.10E-06,4.57589152
SHANK2,0.436989001,9.646492086,4.83870899,1.70E-06,3.24E-06,4.529941506
NUP35,0.402342703,9.605181214,4.833537154,1.74E-06,3.32E-06,4.506199411
MORN5,-0.570468517,8.597373306,-4.830032125,1.77E-06,3.36E-06,4.490122293
E2F4,0.401733098,9.908227219,4.805507247,1.99E-06,3.78E-06,4.377929373
CLTB,0.659081626,10.32237195,4.796267592,2.08E-06,3.93E-06,4.33579715
CCDC33,-0.382853758,8.866103538,-4.796032863,2.09E-06,3.93E-06,4.334727769
CATSPER1,-0.418193262,7.539192965,-4.767196897,2.39E-06,4.50E-06,4.203722846
ACTR1A,0.658345489,10.55895757,4.752286573,2.57E-06,4.82E-06,4.136268627
PPP2R1A,1.045054779,11.03789873,4.750747166,2.59E-06,4.85E-06,4.12931543
CEP72,-0.434084599,8.748887834,-4.74539405,2.66E-06,4.96E-06,4.105152611
LCA5,-0.52768181,8.716066892,-4.741415782,2.71E-06,5.04E-06,4.087211802
DCTN2,0.698422402,10.44342632,4.736829324,2.77E-06,5.14E-06,4.066545427
DMD,0.275039378,9.437829589,4.730633736,2.85E-06,5.28E-06,4.038657625
PCNT,0.407414849,10.10125266,4.720817565,2.98E-06,5.52E-06,3.994541554
STK33,-0.469359449,8.707530464,-4.714257321,3.08E-06,5.68E-06,3.965105412
RALGAPA1,0.289374488,9.851157727,4.705012007,3.21E-06,5.92E-06,3.923685266
ZMYND12,-0.477202838,8.924894943,-4.699588666,3.30E-06,6.06E-06,3.899422906
MNS1,-0.434865444,8.986745444,-4.689666825,3.46E-06,6.34E-06,3.855102422
TUBB4A,1.294983184,11.65314736,4.675573455,3.69E-06,6.76E-06,3.792296402
ZMYND10,-0.465572925,8.695553121,-4.669281494,3.80E-06,6.94E-06,3.764313073
DPCD,0.490386441,10.01549467,4.667000723,3.84E-06,7.00E-06,3.754177993
OSBPL6,0.460267965,9.832191203,4.659786331,3.97E-06,7.23E-06,3.722149437
C9orf24,0.51745832,9.965687784,4.657475524,4.02E-06,7.29E-06,3.7119002
LRRC49,0.461717154,10.02707275,4.656991074,4.03E-06,7.29E-06,3.70975209
TBCC,0.539478684,9.837820027,4.633816453,4.49E-06,8.10E-06,3.607234067
TRAPPC3,0.552635889,10.37777025,4.632491848,4.51E-06,8.13E-06,3.601388661
PTPDC1,0.389616173,9.781907539,4.621740958,4.75E-06,8.53E-06,3.554002741
EFCAB2,-0.430115953,8.940384999,-4.611162633,4.98E-06,8.94E-06,3.507476766
IFT46,0.4413478,9.783039831,4.601859484,5.20E-06,9.31E-06,3.466640797
RAB28,0.265451268,9.566213519,4.59048494,5.48E-06,9.79E-06,3.416816155
HSPB11,0.361699444,9.751878763,4.585427566,5.61E-06,1.00E-05,3.394699663
C11orf70,-0.750720521,8.38623114,-4.572098436,5.97E-06,1.06E-05,3.336517922
TPPP3,0.507178685,10.1319207,4.557624046,6.38E-06,1.13E-05,3.27351476
SLC27A2,-0.547972686,8.752097791,-4.555935331,6.43E-06,1.14E-05,3.266176286
CYS1,-0.569463511,8.63763418,-4.549188456,6.63E-06,1.17E-05,3.236882241
TEKT5,-0.265888146,7.828706176,-4.517568519,7.66E-06,1.35E-05,3.100128954
AP3M2,0.611005769,10.36057227,4.460682949,9.91E-06,1.74E-05,2.856333445
DNAI1,-0.391289704,8.463889017,-4.450878269,1.04E-05,1.82E-05,2.814603345
DNAH9,-0.389299814,8.874377741,-4.44837265,1.05E-05,1.83E-05,2.803952775
CDHR3,-0.391832349,9.055354054,-4.447406748,1.05E-05,1.84E-05,2.799848529
WRAP73,-0.239761533,8.987407595,-4.424926119,1.16E-05,2.03E-05,2.704559512
PRKAR1B,0.64712415,9.938893092,4.419470411,1.19E-05,2.07E-05,2.681502057
GUCA1B,-0.334781619,8.911547236,-4.413555728,1.22E-05,2.12E-05,2.656534749
TULP2,-0.327358512,7.616071049,-4.411628502,1.23E-05,2.14E-05,2.648406183
CAPSL,-0.754442719,8.748122376,-4.407729501,1.26E-05,2.17E-05,2.63197126
DZANK1,-0.229257033,9.066599579,-4.400218902,1.30E-05,2.24E-05,2.600351003
CCDC173,-0.476014025,8.822380125,-4.388022512,1.37E-05,2.36E-05,2.549110167
UBXN10,-0.238545281,8.849522914,-4.384968068,1.39E-05,2.39E-05,2.536298239
DAAM1,0.282455173,9.881694448,4.383697033,1.40E-05,2.40E-05,2.530969309
TMEM216,0.302690622,9.842116811,4.377157829,1.44E-05,2.46E-05,2.503575839
TCEA2,0.35709104,10.01991593,4.366002584,1.51E-05,2.58E-05,2.456933221
AVIL,-0.321360121,9.011528093,-4.357213415,1.57E-05,2.68E-05,2.420261861
RSPH3,0.253165303,9.633970542,4.353633617,1.60E-05,2.71E-05,2.405345494
C9orf135,-0.642202654,8.246471095,-4.336158064,1.72E-05,2.92E-05,2.332692225
EXOC4,0.159715002,9.49158697,4.330556227,1.77E-05,2.99E-05,2.309460729
WDR5B,-0.470407495,8.789520761,-4.32588539,1.80E-05,3.05E-05,2.290111635
AHI1,0.305572235,9.889730948,4.314153303,1.90E-05,3.20E-05,2.241597056
HTR6,-0.436882144,8.653878896,-4.295089682,2.06E-05,3.47E-05,2.163027519
SUFU,-0.222832385,8.75642004,-4.287123747,2.14E-05,3.58E-05,2.130292716
CCP110,0.617292125,10.67848474,4.286934369,2.14E-05,3.58E-05,2.129515189
FAM161A,-0.228236981,9.326210704,-4.285408432,2.15E-05,3.60E-05,2.12325132
ABHD6,0.375476109,9.942369702,4.280773641,2.20E-05,3.66E-05,2.104238605
PIGS,0.380849849,9.90369527,4.279557488,2.21E-05,3.68E-05,2.099252921
RPGRIP1,-0.347197089,8.074716824,-4.272936921,2.27E-05,3.77E-05,2.072134772
AKAP3,-0.424087731,8.375179165,-4.272830976,2.27E-05,3.77E-05,2.071701137
TTC12,-0.286935465,8.678878229,-4.264617988,2.36E-05,3.90E-05,2.038115701
HSPBP1,0.617214686,9.7957383,4.261687301,2.39E-05,3.94E-05,2.026145852
FAM65B,0.325581079,9.745897198,4.223691622,2.81E-05,4.63E-05,1.871656638
PDE6D,0.245573673,9.704876073,4.206973192,3.02E-05,4.97E-05,1.804090489
GNB5,0.461601077,9.814788627,4.196284301,3.16E-05,5.19E-05,1.761023804
GSK3B,0.42912025,10.19381333,4.191253919,3.23E-05,5.29E-05,1.740791391
CAV1,0.328186433,9.721269616,4.177251709,3.43E-05,5.61E-05,1.684593719
TUBGCP3,0.311729813,9.167683109,4.172305604,3.50E-05,5.71E-05,1.66478475
DNAH17,-0.44641189,8.67999854,-4.169783052,3.54E-05,5.76E-05,1.654690495
ANKS6,-0.281875408,8.739669642,-4.127535955,4.23E-05,6.88E-05,1.486485936
FANK1,-0.42750963,8.966111483,-4.124553325,4.29E-05,6.95E-05,1.474671539
CCDC63,-0.34662597,7.972555293,-4.12236523,4.33E-05,7.00E-05,1.466009447
SLC9A3R1,0.523994187,10.20922765,4.104154452,4.67E-05,7.55E-05,1.394085337
PIN1,0.95977504,10.97014946,4.098658606,4.78E-05,7.71E-05,1.372438089
NME5,0.521843372,10.1531141,4.095002255,4.86E-05,7.81E-05,1.358051416
ARFGEF2,0.392124624,9.600917904,4.083045755,5.10E-05,8.19E-05,1.311090386
SLC22A4,-0.522112055,8.74348308,-4.077247718,5.23E-05,8.38E-05,1.288364182
PDE6B,-0.264767706,8.833211752,-4.076099989,5.25E-05,8.40E-05,1.283869105
TCHP,0.247725496,9.518575968,4.070078431,5.39E-05,8.60E-05,1.260305184
CDHR1,-0.447508083,8.74163045,-4.063750827,5.53E-05,8.81E-05,1.23557895
DYNC1H1,0.496079429,10.32676681,4.053847199,5.76E-05,9.16E-05,1.196951448
TUBA3D,0.420926631,9.800094434,4.044610367,5.99E-05,9.50E-05,1.161004643
FAM81B,-0.75417979,8.015933348,-4.028683146,6.40E-05,0.000101285,1.099202356
GUCA2B,-0.339935776,8.029198246,-4.022530328,6.56E-05,0.000103687,1.075389128
PTGS1,-0.400966832,8.95885231,-4.019672828,6.64E-05,0.000104712,1.064341419
DNAH7,-0.242004951,8.570138179,-4.017282224,6.71E-05,0.000105342,1.055104512
TUBGCP2,0.150420127,9.660657835,4.01727429,6.71E-05,0.000105342,1.055073867
CSNK1G1,-0.203932197,9.170868124,-4.016340494,6.73E-05,0.000105543,1.051467242
LYZL4,-0.259135203,8.815460515,-4.012535701,6.84E-05,0.000107002,1.036780068
CCDC13,-0.264081535,8.825637315,-3.995387354,7.34E-05,0.000114592,0.970747261
TEKT1,-0.498183057,8.776921288,-3.988252322,7.56E-05,0.000117765,0.943351091
SCNN1A,-0.308285,8.675522956,-3.986606813,7.61E-05,0.000118334,0.937039432
MYRIP,0.45317828,9.518451949,3.977074807,7.91E-05,0.000122802,0.900525977
PDZD7,-0.348521681,8.908040227,-3.957382016,8.57E-05,0.000132813,0.825351695
TMEM231,0.269484604,9.616407591,3.9544009,8.67E-05,0.000134176,0.814002428
SPAG6,-0.634434545,8.730667397,-3.941784955,9.13E-05,0.000140959,0.766062255
ULK3,0.347385359,9.646240933,3.923247349,9.84E-05,0.000151652,0.695882495
ABHD2,0.345471201,9.653244445,3.92234015,9.88E-05,0.000151919,0.692456043
FAM92A1,0.304272396,9.613055675,3.921030129,9.93E-05,0.000152435,0.687509465
TTLL4,-0.298872077,8.936360406,-3.89346063,0.000110953,0.000170002,0.583770697
TTC8,0.454359444,9.752743568,3.886528549,0.00011408,0.000174463,0.557795505
ADCY5,0.429689035,9.254362661,3.871405929,0.000121195,0.000184994,0.501281535
NEDD1,-0.34618114,8.923979343,-3.842213049,0.000136131,0.000207401,0.39277624
PIK3C3,0.195598379,9.403990279,3.805049082,0.000157668,0.000239763,0.255769517
IFT43,0.237034645,9.575785317,3.78429654,0.000171055,0.000259632,0.179813662
OFD1,0.256856784,9.727577104,3.774640199,0.000177643,0.000269126,0.144605076
TUBGCP4,0.235498123,9.596236195,3.769688724,0.000181114,0.000273871,0.126584303
SPAG17,-0.498401483,8.002170346,-3.743954314,0.000200203,0.000302172,0.033286204
OSCP1,0.28759712,9.631953064,3.742833063,0.000201076,0.000302925,0.029234992
RAB27A,-0.369865217,8.837628527,-3.719111583,0.000220416,0.000331443,-0.056203291
CEP76,-0.30761649,8.954769129,-3.69291956,0.000243798,0.000365923,-0.149939962
DNAH2,-0.317097956,8.46016307,-3.690471793,0.000246098,0.000368692,-0.158667905
IFT172,0.239343974,9.61894902,3.684685571,0.000251618,0.000376264,-0.179277808
CACNA1F,-0.33137487,8.481339683,-3.678249234,0.000257894,0.000384938,-0.202167203
PRPH2,-0.48353071,8.915501417,-3.676157389,0.000259966,0.000387316,-0.209598188
MORN3,-0.25830821,8.958209795,-3.673938409,0.00026218,0.000389897,-0.217476402
EML1,0.339878325,9.717562839,3.663088841,0.000273265,0.000405635,-0.255931277
PLA2G3,-0.23166246,8.017066684,-3.661498923,0.000274926,0.000407353,-0.26155744
WDPCP,0.242062337,9.524432617,3.642302453,0.000295742,0.000437396,-0.329303472
C12orf10,0.484231417,10.2837364,3.625942861,0.000314642,0.000464498,-0.386770216
NPHP3,0.197409683,9.305781694,3.602338515,0.000343917,0.000506792,-0.469251318
TSSC1,0.488504014,9.966396882,3.556559529,0.000408117,0.000600303,-0.627753096
IQCA1,-0.255661107,9.174564716,-3.542687877,0.000429686,0.000630881,-0.675399326
DYNC2H1,-0.187317995,9.248609884,-3.538262819,0.000436787,0.000640147,-0.690561073
OCRL,0.321686219,9.867084339,3.523284181,0.000461651,0.000675362,-0.741748632
ABLIM3,0.244223805,9.858328778,3.488333099,0.000524908,0.000766518,-0.860382319
ELMOD2,-0.190139092,9.002113764,-3.480154207,0.000540838,0.000788356,-0.887980483
AK7,-0.224421992,8.251657215,-3.474029644,0.000553061,0.000804141,-0.908606115
KCTD17,0.205574109,9.208979859,3.473735316,0.000553655,0.000804141,-0.909596446
ATP8A2,0.467789954,9.949663682,3.468455427,0.000564409,0.000818292,-0.927348147
NEK4,0.257575211,9.382280178,3.457711643,0.000586898,0.000849375,-0.963390421
SPAG1,-0.289569971,8.942838594,-3.446229285,0.000611856,0.000883913,-1.001792097
SSTR3,-0.251215886,8.933577743,-3.439439548,0.000627076,0.000904286,-1.02444221
DHRS3,0.388887657,9.832547826,3.351767327,0.000858091,0.001235223,-1.313065427
PGK2,-0.250262498,8.499982012,-3.343458138,0.000883672,0.001269787,-1.340049078
PTPN23,-0.141326739,9.408325751,-3.336300297,0.000906274,0.001299957,-1.363242249
TUBGCP5,-0.229598372,9.227116886,-3.334758324,0.000911213,0.001304728,-1.368232373
ATG5,0.226321226,9.715406414,3.282239518,0.001095144,0.00156532,-1.536870557
RHO,-0.209039859,8.622267882,-3.272027776,0.001134685,0.001618977,-1.569361799
CEP57,0.211848325,9.521833624,3.260599427,0.001180503,0.001681386,-1.605608552
SSNA1,0.210933673,9.770308233,3.253437503,0.001210084,0.001720489,-1.628261522
WWTR1,0.358310338,9.586394752,3.24244638,0.001256819,0.001783801,-1.662932954
RTTN,-0.246363942,9.088721743,-3.231757736,0.001303865,0.001847333,-1.69654195
PROM1,-0.30918527,9.256064413,-3.22643133,0.001327913,0.001878115,-1.713250244
LRRC43,0.301969975,9.15770972,3.201670222,0.001445188,0.002040414,-1.790574503
CCDC114,-0.437871274,8.64473906,-3.20039066,0.001451501,0.002045757,-1.794554745
CIB2,-0.189520211,9.051648296,-3.198269799,0.001462021,0.002057,-1.801148584
ACTL7A,-0.232972426,7.733247049,-3.17821744,0.001565024,0.002198098,-1.863284035
MDM1,-0.229219425,9.101237656,-3.174060338,0.001587199,0.00222538,-1.876118361
TCTN3,0.255712726,9.461672457,3.163408973,0.001645348,0.002302917,-1.908928713
ARL2BP,0.302248207,10.14890995,3.126548718,0.001862084,0.002601772,-2.021651877
SMO,-0.187426052,9.125237279,-3.08724399,0.00212194,0.00295974,-2.140446117
BBS1,0.172028892,9.8055245,3.084501745,0.002141259,0.002981547,-2.148680112
TRAPPC10,-0.310840235,9.139517193,-3.074859374,0.002210483,0.003071933,-2.177576643
HAUS6,-0.223128949,8.980111214,-3.074408941,0.002213766,0.003071933,-2.178924378
ARR3,-0.266698672,8.822341947,-3.073638803,0.00221939,0.003074464,-2.181228254
TCTN2,0.380771333,9.272104355,3.039350161,0.002483514,0.003434467,-2.283237978
BBS10,0.155363874,9.457853755,3.033094677,0.002534703,0.003499274,-2.301728934
INPP5E,0.256726061,9.625052451,3.027094454,0.002584711,0.003562233,-2.319430739
ARL6,0.333834325,9.5159759,3.008536659,0.002745157,0.003776925,-2.373965243
IQCB1,0.202215464,9.503058646,3.002318421,0.002800926,0.003844901,-2.392165795
ENKUR,-0.301273276,9.222590914,-3.001971395,0.002804069,0.003844901,-2.393180454
RILP,0.22194501,9.532725406,2.978789751,0.003021465,0.004135982,-2.460703558
NUBP2,0.223205175,9.514156627,2.922662577,0.003613132,0.004937541,-2.6220905
TULP1,-0.136979149,7.889110382,-2.914256621,0.003710325,0.00506181,-2.646004738
COQ10A,0.251665539,9.642423616,2.899658267,0.003884798,0.005290911,-2.687377159
BBS9,-0.141742635,8.969617321,-2.898939517,0.003893578,0.005293957,-2.68940893
FOCAD,0.19561626,9.661019164,2.897359337,0.003912944,0.005311363,-2.693874078
CEP104,-0.168330026,9.200404542,-2.890991793,0.003991878,0.005409429,-2.711843063
EVI5L,-0.334087975,9.37502975,-2.888969376,0.004017249,0.005434707,-2.71754223
SQSTM1,0.302549934,10.06268916,2.885556466,0.004060399,0.005483911,-2.727151034
PIBF1,-0.219564148,9.079579425,-2.878135031,0.004155687,0.005603251,-2.74800753
NUP93,0.276889827,9.893105053,2.869288682,0.004271925,0.005750396,-2.772800401
RSG1,-0.182057512,9.192443574,-2.854333659,0.004475172,0.006013977,-2.814545091
SDCCAG8,-0.245204884,9.233601649,-2.847048392,0.004577331,0.006141062,-2.834804131
SLC26A6,-0.261446307,8.959651884,-2.836864669,0.004723684,0.006322201,-2.863039034
HAP1,-0.144367682,9.171821112,-2.836570459,0.004727975,0.006322201,-2.863853286
PARD6A,0.26925393,9.854345766,2.834420547,0.004759436,0.006353768,-2.869800875
NEK8,-0.179021962,9.030397144,-2.826338013,0.004879419,0.006503212,-2.892121489
CEP70,-0.126386183,9.321629473,-2.815591695,0.005043194,0.006710433,-2.921702511
NUP37,-0.244352065,8.862974602,-2.810966016,0.005115211,0.006795083,-2.934401765
VHL,-0.235257659,9.411063966,-2.802563501,0.005248419,0.006960608,-2.957417986
DLG5,0.266054893,9.708064167,2.782137016,0.005585447,0.00739546,-3.013091127
CDK20,0.21640147,9.713338641,2.778742345,0.005643317,0.007459876,-3.022305071
GUCA1A,-0.246495871,8.994283763,-2.750599693,0.006144365,0.008105908,-3.098269744
B9D2,-0.208195869,9.423410981,-2.750183144,0.006152073,0.008105908,-3.099388476
CASK,0.091257718,9.428969673,2.74499969,0.006248733,0.008219878,-3.113295967
EZR,0.428291626,10.4055688,2.742506935,0.006295704,0.008268221,-3.119975079
RBKS,-0.104503805,9.312542411,-2.737599728,0.006389102,0.008377282,-3.13310625
RAB11FIP3,0.383761733,10.38157224,2.735142487,0.006436338,0.008425562,-3.139672974
STX3,-0.145877953,9.329289657,-2.719433344,0.006745838,0.00881645,-3.181518444
TRAPPC9,0.124349683,9.553387681,2.715185269,0.006831805,0.008914404,-3.192794027
SFI1,-0.185290791,9.011754759,-2.711681698,0.006903448,0.008993381,-3.202080578
SPATA4,-0.208197367,8.28370021,-2.693699253,0.007281922,0.009471182,-3.24956107
USH1G,0.208870584,8.570585352,2.690639612,0.007348145,0.009541974,-3.257609067
HYLS1,0.240430703,9.520089321,2.684517077,0.007482291,0.009700599,-3.273686872
KIF9,0.210065959,9.39608585,2.680213726,0.007577892,0.009808823,-3.284966147
CEP97,0.274016527,9.538049307,2.675384909,0.007686472,0.009933476,-3.297601708
HAUS3,-0.254483493,8.914350026,-2.666464698,0.007890734,0.010181187,-3.320884844
ALMS1,0.245158729,9.653006839,2.664383844,0.007939079,0.010227253,-3.3263053
CELSR3,0.26421376,10.01784279,2.659165754,0.008061484,0.010368427,-3.339879868
MDH1B,-0.205265364,9.091624028,-2.637530147,0.00858728,0.011027158,-3.395887008
LRRC6,0.147397531,9.452794705,2.630293333,0.008769893,0.011243809,-3.414521093
TUBG1,0.300221235,9.621296154,2.616343337,0.009131752,0.01168922,-3.45030011
FOXJ1,-0.305689553,9.163939703,-2.604889572,0.009438789,0.01206316,-3.479538072
LRBA,0.146664112,9.576408964,2.589200681,0.009874335,0.0125999,-3.519383931
FLCN,0.255889071,9.582311616,2.582872815,0.010055028,0.012810264,-3.535388667
KIF7,-0.277509991,8.953784441,-2.575359708,0.010273395,0.013067888,-3.554341546
XPNPEP3,-0.523232322,9.58560303,-2.553519175,0.010932418,0.013884343,-3.609131359
SRGAP3,0.210950875,9.955951002,2.548781792,0.011080242,0.014050025,-3.620955578
TULP3,0.144942851,9.419935004,2.513327271,0.012244255,0.015501726,-3.708767063
TAPT1,0.14277617,9.652853799,2.511436468,0.012309278,0.015559697,-3.713416334
FOPNL,0.203645492,9.907322979,2.509891487,0.012362636,0.015602765,-3.717212728
C21orf2,-0.202087198,9.329815169,-2.505895525,0.012501595,0.015753568,-3.727021193
ENPP5,0.245817123,9.755053375,2.502505889,0.012620555,0.015878739,-3.735329401
C14orf79,-0.155622271,9.416205422,-2.46472626,0.014016025,0.017607088,-3.827185513
IFT52,0.154500573,9.407779515,2.455794527,0.01436526,0.018017823,-3.848702138
EFCAB7,0.221414774,9.487063796,2.445533715,0.014775944,0.018504239,-3.87332622
PSEN1,0.233604627,9.460817834,2.436343374,0.015152555,0.018946548,-3.895295741
IFT27,-0.109169973,9.364611842,-2.414833367,0.016067326,0.020059362,-3.94639901
IQCD,-0.167013715,8.595904876,-2.411832482,0.016198742,0.020192268,-3.953493228
HNF1B,-0.189379648,8.678423057,-2.410176583,0.016271662,0.020251961,-3.957404146
NEK11,-0.124644501,9.0727809,-2.405100001,0.016497024,0.02050091,-3.969377677
RAB23,0.155279875,9.688810846,2.396266551,0.016895721,0.020964169,-3.990153167
RFX4,0.20142432,9.309654503,2.391316505,0.017122829,0.021213428,-4.001762512
CCNO,-0.271572148,8.922209468,-2.362072038,0.01852015,0.022909483,-4.069869781
DYNLRB2,-0.326323276,9.489716181,-2.359238184,0.01866073,0.023048138,-4.076425896
SNAP29,-0.088536608,9.411315662,-2.275659334,0.023249787,0.028672375,-4.266315661
CEP290,-0.098339212,9.176178038,-2.261824601,0.024097408,0.029672455,-4.297099931
FBXO15,-0.162828391,9.351965754,-2.254402329,0.024563131,0.030199959,-4.313539623
SEC61A2,0.19231305,9.804040722,2.243084226,0.025288355,0.03104443,-4.338506139
DNAH3,-0.219049851,8.779402452,-2.233715839,0.025902635,0.031750351,-4.359078478
CCDC113,0.242094774,9.559148539,2.216457911,0.027068143,0.033128786,-4.396754388
TTLL6,-0.120951385,7.985302241,-2.184772097,0.029326501,0.035838579,-4.465180616
RFX3,0.197974734,9.636537979,2.175722271,0.030000637,0.036607113,-4.484546192
TTLL1,0.137662318,9.493335939,2.163139816,0.030960094,0.037720958,-4.511339905
WRAP53,0.091400807,9.43085396,2.156096551,0.031508611,0.038331528,-4.526271502
RPGR,-0.193052451,9.168980922,-2.096109724,0.036528383,0.044371564,-4.651501548
LRRC73,-0.243584781,9.076945106,-2.083596424,0.037657562,0.045674614,-4.677186432
HSP90B1,0.426553624,10.59237283,2.079214105,0.038059994,0.046093615,-4.686145824
RGS9,-0.352199228,8.98640423,-2.065862407,0.03930877,0.047534821,-4.71332812
ZBBX,-0.241561445,8.953245946,-2.059054141,0.039958861,0.048248834,-4.727122487
KLC3,0.138113718,9.055551443,2.053606887,0.040485561,0.04881195,-4.738126995
LRRC23,-0.120145532,9.329702205,-2.049327638,0.040903454,0.049242402,-4.746751776
